{"ru": {"length_counter": {"6": 142828, "11": 64579, "8": 121791, "1": 212297, "10": 87246, "13": 31532, "7": 144309, "3": 88546, "2": 108479, "9": 108237, "4": 130027, "5": 138010, "15": 12449, "12": 45665, "14": 19035, "16": 6973, "17": 3904, "20": 962, "18": 2516, "23": 314, "19": 1524, "22": 543, "24": 303, "25": 154, "21": 615, "26": 88, "28": 58, "31": 66, "32": 17, "29": 30, "30": 49, "27": 102, "35": 4, "33": 8, "59": 1, "64": 2, "40": 1, "50": 4, "60": 1, "34": 4, "37": 3, "38": 4, "39": 3, "42": 1, "36": 3, "56": 1, "41": 3, "49": 1, "69": 1, "57": 1, "73": 1, "77": 1, "53": 2, "46": 1, "45": 1, "98": 1}, "total_words": 1473301, "total_docs": 1000, "hash_word_ratio": 1.77615160426466e-05, "ellipsis_word_ratio": 0.00015432934069644594, "bullet_start_ratio": 0.00015614895462914813, "ellipsis_end_ratio": 0.0001907544655351713, "alpha_ratio": 0.8935451716948213, "min_avg_word_length": 2, "max_avg_word_length": 10, "word_length_mean": 6.138032893482052, "word_length_std": 3.80181852825741, "word_length_q": {"0.00": 1, "0.05": 1, "0.10": 1, "0.15": 2, "0.20": 2, "0.25": 3, "0.30": 4, "0.35": 4, "0.40": 5, "0.45": 5, "0.50": 6, "0.55": 6, "0.60": 7, "0.65": 7, "0.70": 8, "0.75": 9, "0.80": 9, "0.85": 10, "0.90": 11, "0.95": 13, "1.00": 98}}, "de": {"length_counter": {"4": 197428, "7": 117900, "5": 161974, "3": 423018, "9": 97147, "8": 103226, "12": 48311, "11": 69401, "6": 147310, "2": 126832, "10": 81479, "13": 37617, "17": 13055, "1": 35737, "15": 20193, "16": 14333, "18": 8565, "14": 27947, "23": 1996, "20": 4636, "26": 768, "19": 6222, "21": 3511, "25": 1074, "27": 588, "24": 1527, "22": 2407, "28": 404, "29": 320, "31": 221, "33": 122, "34": 108, "35": 69, "43": 28, "30": 314, "37": 76, "32": 113, "40": 29, "42": 34, "38": 40, "44": 14, "49": 5, "39": 47, "36": 61, "41": 32, "46": 18, "47": 10, "50": 5, "75": 1, "48": 11, "52": 6, "56": 4, "58": 1, "51": 2, "45": 12, "64": 1, "66": 1, "57": 2, "55": 3, "59": 1, "61": 1, "53": 2, "73": 1, "62": 2, "68": 2, "96": 1, "81": 1}, "total_words": 1756327, "total_docs": 974, "hash_word_ratio": 0.0003171566354636354, "ellipsis_word_ratio": 0.00021635540976550419, "bullet_start_ratio": 3.629795572791839e-05, "ellipsis_end_ratio": 0.0001425415247108861, "alpha_ratio": 0.9395279236627648, "min_avg_word_length": 2, "max_avg_word_length": 10, "word_length_mean": 6.300757774605754, "word_length_std": 4.146485667315832, "word_length_q": {"0.00": 1, "0.05": 2, "0.10": 3, "0.15": 3, "0.20": 3, "0.25": 3, "0.30": 3, "0.35": 4, "0.40": 4, "0.45": 5, "0.50": 5, "0.55": 6, "0.60": 6, "0.65": 7, "0.70": 8, "0.75": 9, "0.80": 9, "0.85": 11, "0.90": 12, "0.95": 14, "1.00": 96}}, "es": {"length_counter": {"7": 119710, "12": 22956, "10": 61871, "2": 333824, "8": 97830, "3": 179679, "6": 110784, "5": 117511, "1": 78945, "9": 77742, "13": 14522, "11": 39784, "4": 98029, "15": 5274, "14": 8861, "17": 801, "16": 1769, "18": 528, "23": 61, "22": 71, "20": 130, "19": 260, "21": 82, "46": 1, "26": 21, "24": 32, "35": 5, "25": 40, "50": 2, "27": 15, "32": 6, "31": 23, "28": 13, "29": 10, "30": 2, "41": 29, "45": 1, "51": 3, "37": 2, "33": 18, "47": 1, "71": 2, "76": 2, "58": 1, "43": 1, "57": 1, "48": 1, "39": 1, "49": 1, "64": 1, "40": 1, "34": 2, "36": 1, "68": 1, "56": 1, "38": 1, "54": 2, "81": 1, "82": 1, "126": 1, "59": 1}, "total_words": 1371272, "total_docs": 976, "hash_word_ratio": 3.538346310131846e-05, "ellipsis_word_ratio": 8.95498247189289e-05, "bullet_start_ratio": 0.0005203363032067435, "ellipsis_end_ratio": 0.00017793223600944566, "alpha_ratio": 0.9621602732938183, "min_avg_word_length": 2, "max_avg_word_length": 8, "word_length_mean": 5.13820452835032, "word_length_std": 3.289901981904198, "word_length_q": {"0.00": 1, "0.05": 1, "0.10": 2, "0.15": 2, "0.20": 2, "0.25": 2, "0.30": 2, "0.35": 3, "0.40": 3, "0.45": 4, "0.50": 4, "0.55": 5, "0.60": 6, "0.65": 6, "0.70": 7, "0.75": 7, "0.80": 8, "0.85": 9, "0.90": 10, "0.95": 11, "1.00": 126}}, "ja": {"length_counter": {"6": 23008, "1": 1352941, "2": 876428, "4": 117665, "3": 126304, "9": 3345, "7": 11248, "10": 2155, "5": 34365, "8": 6602, "11": 895, "12": 384, "13": 423, "14": 75, "16": 26, "18": 4, "15": 43, "29": 1, "21": 3, "20": 3, "17": 12, "19": 6, "56": 1, "25": 1, "59": 1, "53": 1, "24": 1, "23": 1, "49": 1, "50": 1, "35": 1}, "total_words": 2555945, "total_docs": 999, "hash_word_ratio": 0.0001823252504421544, "ellipsis_word_ratio": 0.0001362131608780402, "bullet_start_ratio": 0.0009671144983642888, "ellipsis_end_ratio": 7.485769569875807e-05, "alpha_ratio": 0.8046417629145581, "min_avg_word_length": 1, "max_avg_word_length": 3, "word_length_mean": 1.7494226205962962, "word_length_std": 1.1696660513938333, "word_length_q": {"0.00": 1, "0.05": 1, "0.10": 1, "0.15": 1, "0.20": 1, "0.25": 1, "0.30": 1, "0.35": 1, "0.40": 1, "0.45": 1, "0.50": 1, "0.55": 2, "0.60": 2, "0.65": 2, "0.70": 2, "0.75": 2, "0.80": 2, "0.85": 2, "0.90": 3, "0.95": 4, "1.00": 59}}, "fr": {"length_counter": {"7": 161437, "2": 448719, "1": 98327, "6": 164949, "4": 210936, "15": 6791, "3": 241239, "10": 83905, "8": 141297, "9": 115594, "5": 176782, "12": 33572, "11": 52484, "17": 1946, "16": 3663, "14": 13514, "18": 1330, "13": 20981, "22": 208, "21": 304, "19": 598, "20": 424, "24": 96, "23": 170, "35": 7, "26": 48, "30": 16, "25": 67, "32": 9, "58": 1, "39": 1, "27": 45, "33": 15, "28": 17, "37": 3, "34": 4, "29": 23, "77": 1, "40": 3, "54": 1, "63": 1, "98": 1, "113": 1, "31": 14, "89": 1, "97": 1, "45": 1, "36": 2, "59": 1, "131": 1, "126": 1, "42": 2, "100": 1, "47": 1, "55": 1, "44": 2, "38": 1, "64": 1, "56": 1}, "total_words": 1979562, "total_docs": 997, "hash_word_ratio": 0.00010393307247611565, "ellipsis_word_ratio": 0.00042818528734668495, "bullet_start_ratio": 0.0005446702889330487, "ellipsis_end_ratio": 0.0013444637408618703, "alpha_ratio": 0.9569208664242794, "min_avg_word_length": 2, "max_avg_word_length": 8, "word_length_mean": 5.1943571355683735, "word_length_std": 3.260304335617961, "word_length_q": {"0.00": 1, "0.05": 2, "0.10": 2, "0.15": 2, "0.20": 2, "0.25": 2, "0.30": 3, "0.35": 3, "0.40": 4, "0.45": 4, "0.50": 4, "0.55": 5, "0.60": 6, "0.65": 6, "0.70": 7, "0.75": 7, "0.80": 8, "0.85": 9, "0.90": 10, "0.95": 11, "1.00": 131}}, "zh": {"length_counter": {"2": 950445, "1": 1417391, "6": 8394, "3": 43522, "4": 46280, "5": 13839, "7": 6727, "10": 2208, "8": 3829, "11": 1241, "9": 2927, "12": 703, "13": 547, "15": 163, "23": 12, "14": 243, "17": 37, "19": 15, "21": 8, "16": 68, "20": 6, "37": 1, "27": 2, "98": 1, "18": 34, "22": 7, "24": 7, "26": 5, "25": 3, "88": 1, "79": 2, "74": 1, "53": 1, "186": 1, "76": 2, "45": 2, "47": 4, "70": 1, "41": 1, "35": 2, "50": 3, "32": 1, "110": 1, "90": 1, "48": 1, "80": 1, "91": 1, "49": 1, "73": 1, "64": 1, "86": 1, "58": 1, "52": 1, "31": 1, "65": 1, "71": 2}, "total_words": 2498702, "total_docs": 986, "hash_word_ratio": 9.820280417236988e-05, "ellipsis_word_ratio": 0.00017913427404563916, "bullet_start_ratio": 0.0006379339577829725, "ellipsis_end_ratio": 5.524650790214686e-05, "alpha_ratio": 0.825799604813872, "min_avg_word_length": 1, "max_avg_word_length": 3, "word_length_mean": 1.5692147362910824, "word_length_std": 1.0145769889057294, "word_length_q": {"0.00": 1, "0.05": 1, "0.10": 1, "0.15": 1, "0.20": 1, "0.25": 1, "0.30": 1, "0.35": 1, "0.40": 1, "0.45": 1, "0.50": 1, "0.55": 1, "0.60": 2, "0.65": 2, "0.70": 2, "0.75": 2, "0.80": 2, "0.85": 2, "0.90": 2, "0.95": 3, "1.00": 186}}, "it": {"length_counter": {"9": 55589, "1": 61867, "2": 157854, "4": 73762, "6": 88630, "3": 105649, "8": 72678, "7": 81024, "5": 113504, "12": 16522, "11": 27008, "15": 3815, "16": 1628, "10": 41775, "13": 9699, "14": 7262, "18": 446, "17": 1016, "20": 170, "22": 51, "24": 39, "21": 79, "19": 285, "23": 38, "26": 23, "27": 9, "25": 21, "28": 7, "44": 1, "66": 1, "30": 3, "41": 3, "36": 1, "33": 4, "34": 2, "46": 1, "43": 1, "40": 3, "35": 2, "49": 1, "32": 1, "71": 1, "29": 2, "53": 1, "193": 1, "77": 1, "51": 1, "65": 1, "37": 1, "52": 1,