{"ru": {"min_avg_word_length": 2, "max_avg_word_length": 10, "word_length_mean": 5.959194654841452, "word_length_std": 3.744885380373723}, "de": {"min_avg_word_length": 2, "max_avg_word_length": 10, "word_length_mean": 6.163053917414277, "word_length_std": 3.9819234817844316}, "fr": {"min_avg_word_length": 2, "max_avg_word_length": 8, "word_length_mean": 5.150454154966822, "word_length_std": 3.223789074893604}, "es": {"min_avg_word_length": 2, "max_avg_word_length": 8, "word_length_mean": 5.011763234531841, "word_length_std": 3.184498674839185}, "ja": {"min_avg_word_length": -24, "max_avg_word_length": 68, "word_length_mean": 21.971127934567306, "word_length_std": 46.11436370211757}, "it": {"min_avg_word_length": 2, "max_avg_word_length": 9, "word_length_mean": 5.333888657265851, "word_length_std": 3.1915906623030272}, "pt": {"min_avg_word_length": 2, "max_avg_word_length": 8, "word_length_mean": 5.0648594639486735, "word_length_std": 3.2033705726260235}, "zh": {"min_avg_word_length": -22, "max_avg_word_length": 63, "word_length_mean": 20.79666668362334, "word_length_std": 42.390142275072506}, "nl": {"min_avg_word_length": 2, "max_avg_word_length": 9, "word_length_mean": 5.444129994427236, "word_length_std": 3.511779903302754}, "pl": {"min_avg_word_length": 3, "max_avg_word_length": 10, "word_length_mean": 6.030583922821391, "word_length_std": 3.524720621760576}}