{"ru": {"total_words": 7906073, "total_documents": 20000, "word_length_mean": 5.924504365188634, "word_length_std": 3.7639322534061486}, "de": {"total_words": 8990253, "total_documents": 20000, "word_length_mean": 6.116095175519532, "word_length_std": 3.970015953661377}, "es": {"total_words": 10004699, "total_documents": 20000, "word_length_mean": 5.00721271074722, "word_length_std": 3.1806191530381596}, "ja": {"total_words": 1640089, "total_documents": 20000, "word_length_mean": 21.268959794255068, "word_length_std": 44.71619245962282}, "fr": {"total_words": 9486878, "total_documents": 20000, "word_length_mean": 5.143169122655525, "word_length_std": 3.2181914404439786}, "zh": {"total_words": 783293, "total_documents": 20000, "word_length_mean": 17.915864178538556, "word_length_std": 38.319253412270555}, "it": {"total_words": 7814994, "total_documents": 20000, "word_length_mean": 5.341347670900324, "word_length_std": 3.2024170834030925}, "pt": {"total_words": 7428802, "total_documents": 20000, "word_length_mean": 5.054878431273306, "word_length_std": 3.1959907825514207}, "nl": {"total_words": 3427358, "total_documents": 20000, "word_length_mean": 5.448817427301146, "word_length_std": 3.504142589626176}, "pl": {"total_words": 4614911, "total_documents": 20000, "word_length_mean": 5.998669096760479, "word_length_std": 3.5307890096949555}}